"Molecule ChEMBL ID";"Molecule Name";"Molecule Max Phase";"Molecular Weight";"#RO5 Violations";"AlogP";"Compound Key";"Smiles";"Standard Type";"Standard Relation";"Standard Value";"Standard Units";"pChEMBL Value";"Data Validity Comment";"Comment";"Uo Units";"Ligand Efficiency BEI";"Ligand Efficiency LE";"Ligand Efficiency LLE";"Ligand Efficiency SEI";"Potential Duplicate";"Assay ChEMBL ID";"Assay Description";"Assay Type";"BAO Format ID";"BAO Label";"Assay Organism";"Assay Tissue ChEMBL ID";"Assay Tissue Name";"Assay Cell Type";"Assay Subcellular Fraction";"Assay Parameters";"Assay Variant Accession";"Assay Variant Mutation";"Target ChEMBL ID";"Target Name";"Target Organism";"Target Type";"Document ChEMBL ID";"Source ID";"Source Description";"Document Journal";"Document Year";"Cell ChEMBL ID";"Properties";"Action Type";"Standard Text Value";"Value"
"CHEMBL4877228";"";"None";"425.29";"0";"3.61";"5h";"COc1cc(/C=C/c2sc3ccccc3[n+]2C)ccc1O.[I-]";"Activity";"";"";"";"";"";"Dose-Dependent Effect";"";"";"";"";"";"0";"CHEMBL4810548";"Induction of c-di-GMP G-quadruplex formation in Pseudomonas aeruginosa PAO1 harboring wspF gene mutation assessed as inhibition of biofilm formation incubated for 24 hrs by confocal microscopic method";"B";"BAO_0000225";"nucleic acid format";"Pseudomonas aeruginosa PAO1";"None";"None";"None";"None";"";"";"";"CHEMBL4845621";"c-di-GMP G-quadruplex";"Pseudomonas aeruginosa";"NUCLEIC-ACID";"CHEMBL4808221";"1";"Scientific Literature";"J Med Chem";"2021";"None";"TIME = 24.0 hr";"BINDING AGENT";"";""
"CHEMBL4859655";"";"None";"419.26";"0";"3.55";"2h";"COc1cc(/C=C/c2ccc3ccccc3[n+]2C)ccc1O.[I-]";"IC50";"'='";"5400.0";"nM";"5.27";"";"";"UO_0000065";"";"";"";"";"0";"CHEMBL4810549";"Induction of c-di-GMP G-quadruplex formation in Pseudomonas aeruginosa PAO1 harboring wspF gene mutation assessed as inhibition of biofilm formation incubated for 20 hrs by crystal violet staining assay relative to control";"B";"BAO_0000225";"nucleic acid format";"Pseudomonas aeruginosa PAO1";"None";"None";"None";"None";"";"";"";"CHEMBL4845621";"c-di-GMP G-quadruplex";"Pseudomonas aeruginosa";"NUCLEIC-ACID";"CHEMBL4808221";"1";"Scientific Literature";"J Med Chem";"2021";"None";"TIME = 20.0 hr";"BINDING AGENT";"";"5.4"
"CHEMBL4853842";"";"None";"395.27";"0";"3.60";"5e";"C[n+]1c(/C=C/c2ccc(O)cc2)sc2ccccc21.[I-]";"IC50";"'>'";"100000.0";"nM";"";"";"";"UO_0000065";"";"";"";"";"0";"CHEMBL4810549";"Induction of c-di-GMP G-quadruplex formation in Pseudomonas aeruginosa PAO1 harboring wspF gene mutation assessed as inhibition of biofilm formation incubated for 20 hrs by crystal violet staining assay relative to control";"B";"BAO_0000225";"nucleic acid format";"Pseudomonas aeruginosa PAO1";"None";"None";"None";"None";"";"";"";"CHEMBL4845621";"c-di-GMP G-quadruplex";"Pseudomonas aeruginosa";"NUCLEIC-ACID";"CHEMBL4808221";"1";"Scientific Literature";"J Med Chem";"2021";"None";"TIME = 20.0 hr";"";"";"100.0"
"CHEMBL4847345";"";"None";"411.26";"0";"3.31";"5f";"C[n+]1c(/C=C/c2ccc(O)c(O)c2)sc2ccccc21.[I-]";"Inhibition";"'='";"21.72";"%";"";"";"";"UO_0000187";"";"";"";"";"0";"CHEMBL4810542";"Induction of c-di-GMP G-quadruplex formation in Pseudomonas aeruginosa PAO1 harboring wspF gene mutation assessed as inhibition of biofilm formation at 1.25 uM incubated for 20 hrs by crystal violet staining assay relative to control";"B";"BAO_0000225";"nucleic acid format";"Pseudomonas aeruginosa PAO1";"None";"None";"None";"None";"";"";"";"CHEMBL4845621";"c-di-GMP G-quadruplex";"Pseudomonas aeruginosa";"NUCLEIC-ACID";"CHEMBL4808221";"1";"Scientific Literature";"J Med Chem";"2021";"None";"Dose = 1.25 microM | TIME = 20.0 hr";"";"";"21.72"
"CHEMBL4873574";"";"None";"374.23";"0";"3.23";"3c";"C[n+]1c(/C=C/c2ccncc2)ccc2ccccc21.[I-]";"Inhibition";"'='";"13.03";"%";"";"";"";"UO_0000187";"";"";"";"";"0";"CHEMBL4810542";"Induction of c-di-GMP G-quadruplex formation in Pseudomonas aeruginosa PAO1 harboring wspF gene mutation assessed as inhibition of biofilm formation at 1.25 uM incubated for 20 hrs by crystal violet staining assay relative to control";"B";"BAO_0000225";"nucleic acid format";"Pseudomonas aeruginosa PAO1";"None";"None";"None";"None";"";"";"";"CHEMBL4845621";"c-di-GMP G-quadruplex";"Pseudomonas aeruginosa";"NUCLEIC-ACID";"CHEMBL4808221";"1";"Scientific Literature";"J Med Chem";"2021";"None";"Dose = 1.25 microM | TIME = 20.0 hr";"";"";"13.03"
"CHEMBL4877228";"";"None";"425.29";"0";"3.61";"5h";"COc1cc(/C=C/c2sc3ccccc3[n+]2C)ccc1O.[I-]";"Activity";"";"";"";"";"";"";"";"";"";"";"";"0";"CHEMBL4810574";"Induction of c-di-GMP G-quadruplex formation in Pseudomonas aeruginosa PAO1 harboring wspF gene mutation assessed as induction of flhA expression at 1.25 uM by RT-PCR method";"B";"BAO_0000019";"assay format";"Pseudomonas aeruginosa PAO1";"None";"None";"None";"None";"";"";"";"CHEMBL4845621";"c-di-GMP G-quadruplex";"Pseudomonas aeruginosa";"NUCLEIC-ACID";"CHEMBL4808221";"1";"Scientific Literature";"J Med Chem";"2021";"None";"Dose = 1.25 microM";"BINDING AGENT";"Active";""
"CHEMBL4877228";"";"None";"425.29";"0";"3.61";"5h";"COc1cc(/C=C/c2sc3ccccc3[n+]2C)ccc1O.[I-]";"Activity";"";"";"";"";"";"";"";"";"";"";"";"0";"CHEMBL4810570";"Induction of c-di-GMP G-quadruplex formation in Pseudomonas aeruginosa PAO1 harboring wspF gene mutation assessed as reduction in pelB expression at 1.25 uM by RT-PCR method";"B";"BAO_0000019";"assay format";"Pseudomonas aeruginosa PAO1";"None";"None";"None";"None";"";"";"";"CHEMBL4845621";"c-di-GMP G-quadruplex";"Pseudomonas aeruginosa";"NUCLEIC-ACID";"CHEMBL4808221";"1";"Scientific Literature";"J Med Chem";"2021";"None";"Dose = 1.25 microM";"BINDING AGENT";"Active";""
"CHEMBL4877228";"";"None";"425.29";"0";"3.61";"5h";"COc1cc(/C=C/c2sc3ccccc3[n+]2C)ccc1O.[I-]";"Activity";"";"";"";"";"";"";"";"";"";"";"";"0";"CHEMBL4810573";"Induction of c-di-GMP G-quadruplex formation in Pseudomonas aeruginosa PAO1 harboring wspF gene mutation assessed as induction of fleN expression at 1.25 uM by RT-PCR method";"B";"BAO_0000019";"assay format";"Pseudomonas aeruginosa PAO1";"None";"None";"None";"None";"";"";"";"CHEMBL4845621";"c-di-GMP G-quadruplex";"Pseudomonas aeruginosa";"NUCLEIC-ACID";"CHEMBL4808221";"1";"Scientific Literature";"J Med Chem";"2021";"None";"Dose = 1.25 microM";"BINDING AGENT";"Active";""
"CHEMBL4850637";"";"None";"389.24";"0";"3.54";"2f";"C[n+]1c(/C=C/c2cccc(O)c2)ccc2ccccc21.[I-]";"Inhibition";"'='";"29.36";"%";"";"";"";"UO_0000187";"";"";"";"";"0";"CHEMBL4810542";"Induction of c-di-GMP G-quadruplex formation in Pseudomonas aeruginosa PAO1 harboring wspF gene mutation assessed as inhibition of biofilm formation at 1.25 uM incubated for 20 hrs by crystal violet staining assay relative to control";"B";"BAO_0000225";"nucleic acid format";"Pseudomonas aeruginosa PAO1";"None";"None";"None";"None";"";"";"";"CHEMBL4845621";"c-di-GMP G-quadruplex";"Pseudomonas aeruginosa";"NUCLEIC-ACID";"CHEMBL4808221";"1";"Scientific Literature";"J Med Chem";"2021";"None";"Dose = 1.25 microM | TIME = 20.0 hr";"";"";"29.36"
"CHEMBL4865901";"";"None";"547.03";"1";"5.07";"2j";"C[n+]1c(/C=C/c2cc(Br)c(O)c(Br)c2)ccc2ccccc21.[I-]";"Inhibition";"'='";"-12.72";"%";"";"Outside typical range";"";"UO_0000187";"";"";"";"";"0";"CHEMBL4810542";"Induction of c-di-GMP G-quadruplex formation in Pseudomonas aeruginosa PAO1 harboring wspF gene mutation assessed as inhibition of biofilm formation at 1.25 uM incubated for 20 hrs by crystal violet staining assay relative to control";"B";"BAO_0000225";"nucleic acid format";"Pseudomonas aeruginosa PAO1";"None";"None";"None";"None";"";"";"";"CHEMBL4845621";"c-di-GMP G-quadruplex";"Pseudomonas aeruginosa";"NUCLEIC-ACID";"CHEMBL4808221";"1";"Scientific Literature";"J Med Chem";"2021";"None";"Dose = 1.25 microM | TIME = 20.0 hr";"";"";"-12.72"
"CHEMBL4849523";"";"None";"381.24";"0";"2.69";"6b";"C[n+]1c(/C=C/c2cnccn2)sc2ccccc21.[I-]";"Inhibition";"'='";"11.39";"%";"";"";"";"UO_0000187";"";"";"";"";"0";"CHEMBL4810542";"Induction of c-di-GMP G-quadruplex formation in Pseudomonas aeruginosa PAO1 harboring wspF gene mutation assessed as inhibition of biofilm formation at 1.25 uM incubated for 20 hrs by crystal violet staining assay relative to control";"B";"BAO_0000225";"nucleic acid format";"Pseudomonas aeruginosa PAO1";"None";"None";"None";"None";"";"";"";"CHEMBL4845621";"c-di-GMP G-quadruplex";"Pseudomonas aeruginosa";"NUCLEIC-ACID";"CHEMBL4808221";"1";"Scientific Literature";"J Med Chem";"2021";"None";"Dose = 1.25 microM | TIME = 20.0 hr";"";"";"11.39"
"CHEMBL4845713";"";"None";"464.37";"0";"3.73";"5d";"C[n+]1c(/C=C/c2ccc(N3CCOCC3)cc2)sc2ccccc21.[I-]";"IC50";"'>'";"100000.0";"nM";"";"";"";"UO_0000065";"";"";"";"";"0";"CHEMBL4810549";"Induction of c-di-GMP G-quadruplex formation in Pseudomonas aeruginosa PAO1 harboring wspF gene mutation assessed as inhibition of biofilm formation incubated for 20 hrs by crystal violet staining assay relative to control";"B";"BAO_0000225";"nucleic acid format";"Pseudomonas aeruginosa PAO1";"None";"None";"None";"None";"";"";"";"CHEMBL4845621";"c-di-GMP G-quadruplex";"Pseudomonas aeruginosa";"NUCLEIC-ACID";"CHEMBL4808221";"1";"Scientific Literature";"J Med Chem";"2021";"None";"TIME = 20.0 hr";"";"";"100.0"
"CHEMBL4070093";"";"None";"471.39";"0";"3.59";"2c";"CN1CCN(c2ccc(/C=C/c3ccc4ccccc4[n+]3C)cc2)CC1.[I-]";"IC50";"'>'";"100000.0";"nM";"";"";"";"UO_0000065";"";"";"";"";"0";"CHEMBL4810549";"Induction of c-di-GMP G-quadruplex formation in Pseudomonas aeruginosa PAO1 harboring wspF gene mutation assessed as inhibition of biofilm formation incubated for 20 hrs by crystal violet staining assay relative to control";"B";"BAO_0000225";"nucleic acid format";"Pseudomonas aeruginosa PAO1";"None";"None";"None";"None";"";"";"";"CHEMBL4845621";"c-di-GMP G-quadruplex";"Pseudomonas aeruginosa";"NUCLEIC-ACID";"CHEMBL4808221";"1";"Scientific Literature";"J Med Chem";"2021";"None";"TIME = 20.0 hr";"";"";"100.0"
"CHEMBL3425893";"";"None";"458.34";"0";"3.67";"2d";"C[n+]1c(/C=C/c2ccc(N3CCOCC3)cc2)ccc2ccccc21.[I-]";"IC50";"'>'";"100000.0";"nM";"";"";"";"UO_0000065";"";"";"";"";"0";"CHEMBL4810549";"Induction of c-di-GMP G-quadruplex formation in Pseudomonas aeruginosa PAO1 harboring wspF gene mutation assessed as inhibition of biofilm formation incubated for 20 hrs by crystal violet staining assay relative to control";"B";"BAO_0000225";"nucleic acid format";"Pseudomonas aeruginosa PAO1";"None";"None";"None";"None";"";"";"";"CHEMBL4845621";"c-di-GMP G-quadruplex";"Pseudomonas aeruginosa";"NUCLEIC-ACID";"CHEMBL4808221";"1";"Scientific Literature";"J Med Chem";"2021";"None";"TIME = 20.0 hr";"";"";"100.0"
"CHEMBL4873574";"";"None";"374.23";"0";"3.23";"3c";"C[n+]1c(/C=C/c2ccncc2)ccc2ccccc21.[I-]";"IC50";"'>'";"100000.0";"nM";"";"";"";"UO_0000065";"";"";"";"";"0";"CHEMBL4810549";"Induction of c-di-GMP G-quadruplex formation in Pseudomonas aeruginosa PAO1 harboring wspF gene mutation assessed as inhibition of biofilm formation incubated for 20 hrs by crystal violet staining assay relative to control";"B";"BAO_0000225";"nucleic acid format";"Pseudomonas aeruginosa PAO1";"None";"None";"None";"None";"";"";"";"CHEMBL4845621";"c-di-GMP G-quadruplex";"Pseudomonas aeruginosa";"NUCLEIC-ACID";"CHEMBL4808221";"1";"Scientific Literature";"J Med Chem";"2021";"None";"TIME = 20.0 hr";"";"";"100.0"
"CHEMBL4860288";"";"None";"409.29";"0";"3.90";"5g";"COc1ccc(/C=C/c2sc3ccccc3[n+]2C)cc1.[I-]";"IC50";"'>'";"100000.0";"nM";"";"";"";"UO_0000065";"";"";"";"";"0";"CHEMBL4810549";"Induction of c-di-GMP G-quadruplex formation in Pseudomonas aeruginosa PAO1 harboring wspF gene mutation assessed as inhibition of biofilm formation incubated for 20 hrs by crystal violet staining assay relative to control";"B";"BAO_0000225";"nucleic acid format";"Pseudomonas aeruginosa PAO1";"None";"None";"None";"None";"";"";"";"CHEMBL4845621";"c-di-GMP G-quadruplex";"Pseudomonas aeruginosa";"NUCLEIC-ACID";"CHEMBL4808221";"1";"Scientific Literature";"J Med Chem";"2021";"None";"TIME = 20.0 hr";"";"";"100.0"
"CHEMBL1303143";"";"None";"389.24";"0";"3.54";"2e";"C[n+]1c(/C=C/c2ccc(O)cc2)ccc2ccccc21.[I-]";"Inhibition";"'='";"13.38";"%";"";"";"";"UO_0000187";"";"";"";"";"0";"CHEMBL4810542";"Induction of c-di-GMP G-quadruplex formation in Pseudomonas aeruginosa PAO1 harboring wspF gene mutation assessed as inhibition of biofilm formation at 1.25 uM incubated for 20 hrs by crystal violet staining assay relative to control";"B";"BAO_0000225";"nucleic acid format";"Pseudomonas aeruginosa PAO1";"None";"None";"None";"None";"";"";"";"CHEMBL4845621";"c-di-GMP G-quadruplex";"Pseudomonas aeruginosa";"NUCLEIC-ACID";"CHEMBL4808221";"1";"Scientific Literature";"J Med Chem";"2021";"None";"Dose = 1.25 microM | TIME = 20.0 hr";"";"";"13.38"
"CHEMBL4852846";"";"None";"452.13";"0";"4.60";"2m";"C[n+]1c(/C=C/c2ccc(Br)cc2)ccc2ccccc21.[I-]";"Inhibition";"'='";"-10.56";"%";"";"Outside typical range";"";"UO_0000187";"";"";"";"";"0";"CHEMBL4810542";"Induction of c-di-GMP G-quadruplex formation in Pseudomonas aeruginosa PAO1 harboring wspF gene mutation assessed as inhibition of biofilm formation at 1.25 uM incubated for 20 hrs by crystal violet staining assay relative to control";"B";"BAO_0000225";"nucleic acid format";"Pseudomonas aeruginosa PAO1";"None";"None";"None";"None";"";"";"";"CHEMBL4845621";"c-di-GMP G-quadruplex";"Pseudomonas aeruginosa";"NUCLEIC-ACID";"CHEMBL4808221";"1";"Scientific Literature";"J Med Chem";"2021";"None";"Dose = 1.25 microM | TIME = 20.0 hr";"";"";"-10.56"
"CHEMBL4859687";"";"None";"477.42";"0";"3.65";"5c";"CN1CCN(c2ccc(/C=C/c3sc4ccccc4[n+]3C)cc2)CC1.[I-]";"Inhibition";"'='";"-20.73";"%";"";"Outside typical range";"";"UO_0000187";"";"";"";"";"0";"CHEMBL4810542";"Induction of c-di-GMP G-quadruplex formation in Pseudomonas aeruginosa PAO1 harboring wspF gene mutation assessed as inhibition of biofilm formation at 1.25 uM incubated for 20 hrs by crystal violet staining assay relative to control";"B";"BAO_0000225";"nucleic acid format";"Pseudomonas aeruginosa PAO1";"None";"None";"None";"None";"";"";"";"CHEMBL4845621";"c-di-GMP G-quadruplex";"Pseudomonas aeruginosa";"NUCLEIC-ACID";"CHEMBL4808221";"1";"Scientific Literature";"J Med Chem";"2021";"None";"Dose = 1.25 microM | TIME = 20.0 hr";"";"";"-20.73"
"CHEMBL4858333";"";"None";"553.06";"1";"5.13";"5j";"C[n+]1c(/C=C/c2cc(Br)c(O)c(Br)c2)sc2ccccc21.[I-]";"Inhibition";"'='";"-21.44";"%";"";"Outside typical range";"";"UO_0000187";"";"";"";"";"0";"CHEMBL4810542";"Induction of c-di-GMP G-quadruplex formation in Pseudomonas aeruginosa PAO1 harboring wspF gene mutation assessed as inhibition of biofilm formation at 1.25 uM incubated for 20 hrs by crystal violet staining assay relative to control";"B";"BAO_0000225";"nucleic acid format";"Pseudomonas aeruginosa PAO1";"None";"None";"None";"None";"";"";"";"CHEMBL4845621";"c-di-GMP G-quadruplex";"Pseudomonas aeruginosa";"NUCLEIC-ACID";"CHEMBL4808221";"1";"Scientific Literature";"J Med Chem";"2021";"None";"Dose = 1.25 microM | TIME = 20.0 hr";"";"";"-21.44"
"CHEMBL4871923";"";"None";"424.26";"0";"3.80";"5n";"C[n+]1c(/C=C/c2ccc([N+](=O)[O-])cc2)sc2ccccc21.[I-]";"Inhibition";"'='";"-14.92";"%";"";"Outside typical range";"";"UO_0000187";"";"";"";"";"0";"CHEMBL4810542";"Induction of c-di-GMP G-quadruplex formation in Pseudomonas aeruginosa PAO1 harboring wspF gene mutation assessed as inhibition of biofilm formation at 1.25 uM incubated for 20 hrs by crystal violet staining assay relative to control";"B";"BAO_0000225";"nucleic acid format";"Pseudomonas aeruginosa PAO1";"None";"None";"None";"None";"";"";"";"CHEMBL4845621";"c-di-GMP G-quadruplex";"Pseudomonas aeruginosa";"NUCLEIC-ACID";"CHEMBL4808221";"1";"Scientific Literature";"J Med Chem";"2021";"None";"Dose = 1.25 microM | TIME = 20.0 hr";"";"";"-14.92"
"CHEMBL4877228";"";"None";"425.29";"0";"3.61";"5h";"COc1cc(/C=C/c2sc3ccccc3[n+]2C)ccc1O.[I-]";"Activity";"";"";"";"";"";"";"";"";"";"";"";"0";"CHEMBL4810571";"Induction of c-di-GMP G-quadruplex formation in Pseudomonas aeruginosa PAO1 harboring wspF gene mutation assessed as reduction in pslE expression at 1.25 uM by RT-PCR method";"B";"BAO_0000019";"assay format";"Pseudomonas aeruginosa PAO1";"None";"None";"None";"None";"";"";"";"CHEMBL4845621";"c-di-GMP G-quadruplex";"Pseudomonas aeruginosa";"NUCLEIC-ACID";"CHEMBL4808221";"1";"Scientific Literature";"J Med Chem";"2021";"None";"Dose = 1.25 microM";"BINDING AGENT";"Active";""
"CHEMBL4852846";"";"None";"452.13";"0";"4.60";"2m";"C[n+]1c(/C=C/c2ccc(Br)cc2)ccc2ccccc21.[I-]";"IC50";"'>'";"100000.0";"nM";"";"";"";"UO_0000065";"";"";"";"";"0";"CHEMBL4810549";"Induction of c-di-GMP G-quadruplex formation in Pseudomonas aeruginosa PAO1 harboring wspF gene mutation assessed as inhibition of biofilm formation incubated for 20 hrs by crystal violet staining assay relative to control";"B";"BAO_0000225";"nucleic acid format";"Pseudomonas aeruginosa PAO1";"None";"None";"None";"None";"";"";"";"CHEMBL4845621";"c-di-GMP G-quadruplex";"Pseudomonas aeruginosa";"NUCLEIC-ACID";"CHEMBL4808221";"1";"Scientific Literature";"J Med Chem";"2021";"None";"TIME = 20.0 hr";"";"";"100.0"
"CHEMBL4859393";"";"None";"375.21";"0";"2.62";"3b";"C[n+]1c(/C=C/c2cnccn2)ccc2ccccc21.[I-]";"IC50";"'>'";"100000.0";"nM";"";"";"";"UO_0000065";"";"";"";"";"0";"CHEMBL4810549";"Induction of c-di-GMP G-quadruplex formation in Pseudomonas aeruginosa PAO1 harboring wspF gene mutation assessed as inhibition of biofilm formation incubated for 20 hrs by crystal violet staining assay relative to control";"B";"BAO_0000225";"nucleic acid format";"Pseudomonas aeruginosa PAO1";"None";"None";"None";"None";"";"";"";"CHEMBL4845621";"c-di-GMP G-quadruplex";"Pseudomonas aeruginosa";"NUCLEIC-ACID";"CHEMBL4808221";"1";"Scientific Literature";"J Med Chem";"2021";"None";"TIME = 20.0 hr";"";"";"100.0"
"CHEMBL4856385";"";"None";"379.27";"0";"3.90";"5k";"C[n+]1c(/C=C/c2ccccc2)sc2ccccc21.[I-]";"IC50";"'>'";"100000.0";"nM";"";"";"";"UO_0000065";"";"";"";"";"0";"CHEMBL4810549";"Induction of c-di-GMP G-quadruplex formation in Pseudomonas aeruginosa PAO1 harboring wspF gene mutation assessed as inhibition of biofilm formation incubated for 20 hrs by crystal violet staining assay relative to control";"B";"BAO_0000225";"nucleic acid format";"Pseudomonas aeruginosa PAO1";"None";"None";"None";"None";"";"";"";"CHEMBL4845621";"c-di-GMP G-quadruplex";"Pseudomonas aeruginosa";"NUCLEIC-ACID";"CHEMBL4808221";"1";"Scientific Literature";"J Med Chem";"2021";"None";"TIME = 20.0 hr";"";"";"100.0"
"CHEMBL4871923";"";"None";"424.26";"0";"3.80";"5n";"C[n+]1c(/C=C/c2ccc([N+](=O)[O-])cc2)sc2ccccc21.[I-]";"IC50";"'>'";"100000.0";"nM";"";"";"";"UO_0000065";"";"";"";"";"0";"CHEMBL4810549";"Induction of c-di-GMP G-quadruplex formation in Pseudomonas aeruginosa PAO1 harboring wspF gene mutation assessed as inhibition of biofilm formation incubated for 20 hrs by crystal violet staining assay relative to control";"B";"BAO_0000225";"nucleic acid format";"Pseudomonas aeruginosa PAO1";"None";"None";"None";"None";"";"";"";"CHEMBL4845621";"c-di-GMP G-quadruplex";"Pseudomonas aeruginosa";"NUCLEIC-ACID";"CHEMBL4808221";"1";"Scientific Literature";"J Med Chem";"2021";"None";"TIME = 20.0 hr";"";"";"100.0"
"CHEMBL4070093";"";"None";"471.39";"0";"3.59";"2c";"CN1CCN(c2ccc(/C=C/c3ccc4ccccc4[n+]3C)cc2)CC1.[I-]";"Inhibition";"'='";"-2.34";"%";"";"";"";"UO_0000187";"";"";"";"";"0";"CHEMBL4810542";"Induction of c-di-GMP G-quadruplex formation in Pseudomonas aeruginosa PAO1 harboring wspF gene mutation assessed as inhibition of biofilm formation at 1.25 uM incubated for 20 hrs by crystal violet staining assay relative to control";"B";"BAO_0000225";"nucleic acid format";"Pseudomonas aeruginosa PAO1";"None";"None";"None";"None";"";"";"";"CHEMBL4845621";"c-di-GMP G-quadruplex";"Pseudomonas aeruginosa";"NUCLEIC-ACID";"CHEMBL4808221";"1";"Scientific Literature";"J Med Chem";"2021";"None";"Dose = 1.25 microM | TIME = 20.0 hr";"";"";"-2.34"
"CHEMBL4877228";"";"None";"425.29";"0";"3.61";"5h";"COc1cc(/C=C/c2sc3ccccc3[n+]2C)ccc1O.[I-]";"Activity";"";"";"";"";"";"";"";"";"";"";"";"0";"CHEMBL4810545";"Induction of c-di-GMP G-quadruplex formation in Pseudomonas aeruginosa ATCC 27853 assessed as inhibition of biofilm formation at 0.15625 to 1.25 uM by confocal microscopic method";"B";"BAO_0000225";"nucleic acid format";"Pseudomonas aeruginosa PAO1";"None";"None";"None";"None";"";"";"";"CHEMBL4845621";"c-di-GMP G-quadruplex";"Pseudomonas aeruginosa";"NUCLEIC-ACID";"CHEMBL4808221";"1";"Scientific Literature";"J Med Chem";"2021";"None";"Dose_Lower = 0.1562 microM | Dose_Upper = 1.25 microM";"BINDING AGENT";"Active";""
"CHEMBL597863";"";"None";"391.23";"0";"3.97";"2l";"C[n+]1c(/C=C/c2ccc(F)cc2)ccc2ccccc21.[I-]";"IC50";"'>'";"100000.0";"nM";"";"";"";"UO_0000065";"";"";"";"";"0";"CHEMBL4810549";"Induction of c-di-GMP G-quadruplex formation in Pseudomonas aeruginosa PAO1 harboring wspF gene mutation assessed as inhibition of biofilm formation incubated for 20 hrs by crystal violet staining assay relative to control";"B";"BAO_0000225";"nucleic acid format";"Pseudomonas aeruginosa PAO1";"None";"None";"None";"None";"";"";"";"CHEMBL4845621";"c-di-GMP G-quadruplex";"Pseudomonas aeruginosa";"NUCLEIC-ACID";"CHEMBL4808221";"1";"Scientific Literature";"J Med Chem";"2021";"None";"TIME = 20.0 hr";"";"";"100.0"
"CHEMBL4851913";"";"None";"407.23";"0";"3.68";"2i";"C[n+]1c(/C=C/c2ccc(O)c(F)c2)ccc2ccccc21.[I-]";"IC50";"'>'";"100000.0";"nM";"";"";"";"UO_0000065";"";"";"";"";"0";"CHEMBL4810549";"Induction of c-di-GMP G-quadruplex formation in Pseudomonas aeruginosa PAO1 harboring wspF gene mutation assessed as inhibition of biofilm formation incubated for 20 hrs by crystal violet staining assay relative to control";"B";"BAO_0000225";"nucleic acid format";"Pseudomonas aeruginosa PAO1";"None";"None";"None";"None";"";"";"";"CHEMBL4845621";"c-di-GMP G-quadruplex";"Pseudomonas aeruginosa";"NUCLEIC-ACID";"CHEMBL4808221";"1";"Scientific Literature";"J Med Chem";"2021";"None";"TIME = 20.0 hr";"";"";"100.0"
"CHEMBL3425889";"";"None";"373.24";"0";"3.83";"2k";"C[n+]1c(/C=C/c2ccccc2)ccc2ccccc21.[I-]";"IC50";"'>'";"100000.0";"nM";"";"";"";"UO_0000065";"";"";"";"";"0";"CHEMBL4810549";"Induction of c-di-GMP G-quadruplex formation in Pseudomonas aeruginosa PAO1 harboring wspF gene mutation assessed as inhibition of biofilm formation incubated for 20 hrs by crystal violet staining assay relative to control";"B";"BAO_0000225";"nucleic acid format";"Pseudomonas aeruginosa PAO1";"None";"None";"None";"None";"";"";"";"CHEMBL4845621";"c-di-GMP G-quadruplex";"Pseudomonas aeruginosa";"NUCLEIC-ACID";"CHEMBL4808221";"1";"Scientific Literature";"J Med Chem";"2021";"None";"TIME = 20.0 hr";"";"";"100.0"
"CHEMBL4855344";"";"None";"394.28";"0";"3.48";"5a";"C[n+]1c(/C=C/c2ccc(N)cc2)sc2ccccc21.[I-]";"IC50";"'>'";"100000.0";"nM";"";"";"";"UO_0000065";"";"";"";"";"0";"CHEMBL4810549";"Induction of c-di-GMP G-quadruplex formation in Pseudomonas aeruginosa PAO1 harboring wspF gene mutation assessed as inhibition of biofilm formation incubated for 20 hrs by crystal violet staining assay relative to control";"B";"BAO_0000225";"nucleic acid format";"Pseudomonas aeruginosa PAO1";"None";"None";"None";"None";"";"";"";"CHEMBL4845621";"c-di-GMP G-quadruplex";"Pseudomonas aeruginosa";"NUCLEIC-ACID";"CHEMBL4808221";"1";"Scientific Literature";"J Med Chem";"2021";"None";"TIME = 20.0 hr";"";"";"100.0"
"CHEMBL4854770";"";"None";"413.26";"0";"3.74";"5i";"C[n+]1c(/C=C/c2ccc(O)c(F)c2)sc2ccccc21.[I-]";"IC50";"'>'";"100000.0";"nM";"";"";"";"UO_0000065";"";"";"";"";"0";"CHEMBL4810549";"Induction of c-di-GMP G-quadruplex formation in Pseudomonas aeruginosa PAO1 harboring wspF gene mutation assessed as inhibition of biofilm formation incubated for 20 hrs by crystal violet staining assay relative to control";"B";"BAO_0000225";"nucleic acid format";"Pseudomonas aeruginosa PAO1";"None";"None";"None";"None";"";"";"";"CHEMBL4845621";"c-di-GMP G-quadruplex";"Pseudomonas aeruginosa";"NUCLEIC-ACID";"CHEMBL4808221";"1";"Scientific Literature";"J Med Chem";"2021";"None";"TIME = 20.0 hr";"";"";"100.0"
"CHEMBL4852925";"";"None";"397.26";"0";"4.04";"5l";"C[n+]1c(/C=C/c2ccc(F)cc2)sc2ccccc21.[I-]";"IC50";"'>'";"100000.0";"nM";"";"";"";"UO_0000065";"";"";"";"";"0";"CHEMBL4810549";"Induction of c-di-GMP G-quadruplex formation in Pseudomonas aeruginosa PAO1 harboring wspF gene mutation assessed as inhibition of biofilm formation incubated for 20 hrs by crystal violet staining assay relative to control";"B";"BAO_0000225";"nucleic acid format";"Pseudomonas aeruginosa PAO1";"None";"None";"None";"None";"";"";"";"CHEMBL4845621";"c-di-GMP G-quadruplex";"Pseudomonas aeruginosa";"NUCLEIC-ACID";"CHEMBL4808221";"1";"Scientific Literature";"J Med Chem";"2021";"None";"TIME = 20.0 hr";"";"";"100.0"
"CHEMBL4877228";"";"None";"425.29";"0";"3.61";"5h";"COc1cc(/C=C/c2sc3ccccc3[n+]2C)ccc1O.[I-]";"Activity";"";"";"";"";"";"";"";"";"";"";"";"0";"CHEMBL4810563";"Downregulation of c-di-GMP level in Pseudomonas aeruginosa PAO1 harboring wspF gene mutation assessed as reduction in Alg44 expression at 1.25 uM incubated for 15 hrs by transcriptome analysis";"B";"BAO_0000019";"assay format";"Pseudomonas aeruginosa PAO1";"None";"None";"None";"None";"";"";"";"CHEMBL4845621";"c-di-GMP G-quadruplex";"Pseudomonas aeruginosa";"NUCLEIC-ACID";"CHEMBL4808221";"1";"Scientific Literature";"J Med Chem";"2021";"None";"Dose = 1.25 microM | TIME = 15.0 hr";"BINDING AGENT";"Active";""
"CHEMBL3425893";"";"None";"458.34";"0";"3.67";"2d";"C[n+]1c(/C=C/c2ccc(N3CCOCC3)cc2)ccc2ccccc21.[I-]";"Inhibition";"'='";"1.18";"%";"";"";"";"UO_0000187";"";"";"";"";"0";"CHEMBL4810542";"Induction of c-di-GMP G-quadruplex formation in Pseudomonas aeruginosa PAO1 harboring wspF gene mutation assessed as inhibition of biofilm formation at 1.25 uM incubated for 20 hrs by crystal violet staining assay relative to control";"B";"BAO_0000225";"nucleic acid format";"Pseudomonas aeruginosa PAO1";"None";"None";"None";"None";"";"";"";"CHEMBL4845621";"c-di-GMP G-quadruplex";"Pseudomonas aeruginosa";"NUCLEIC-ACID";"CHEMBL4808221";"1";"Scientific Literature";"J Med Chem";"2021";"None";"Dose = 1.25 microM | TIME = 20.0 hr";"";"";"1.18"
"CHEMBL4875829";"";"None";"403.26";"0";"3.84";"2g";"COc1ccc(/C=C/c2ccc3ccccc3[n+]2C)cc1.[I-]";"Inhibition";"'='";"-9.62";"%";"";"";"";"UO_0000187";"";"";"";"";"0";"CHEMBL4810542";"Induction of c-di-GMP G-quadruplex formation in Pseudomonas aeruginosa PAO1 harboring wspF gene mutation assessed as inhibition of biofilm formation at 1.25 uM incubated for 20 hrs by crystal violet staining assay relative to control";"B";"BAO_0000225";"nucleic acid format";"Pseudomonas aeruginosa PAO1";"None";"None";"None";"None";"";"";"";"CHEMBL4845621";"c-di-GMP G-quadruplex";"Pseudomonas aeruginosa";"NUCLEIC-ACID";"CHEMBL4808221";"1";"Scientific Literature";"J Med Chem";"2021";"None";"Dose = 1.25 microM | TIME = 20.0 hr";"";"";"-9.62"
"CHEMBL4851913";"";"None";"407.23";"0";"3.68";"2i";"C[n+]1c(/C=C/c2ccc(O)c(F)c2)ccc2ccccc21.[I-]";"Inhibition";"'='";"4.21";"%";"";"";"";"UO_0000187";"";"";"";"";"0";"CHEMBL4810542";"Induction of c-di-GMP G-quadruplex formation in Pseudomonas aeruginosa PAO1 harboring wspF gene mutation assessed as inhibition of biofilm formation at 1.25 uM incubated for 20 hrs by crystal violet staining assay relative to control";"B";"BAO_0000225";"nucleic acid format";"Pseudomonas aeruginosa PAO1";"None";"None";"None";"None";"";"";"";"CHEMBL4845621";"c-di-GMP G-quadruplex";"Pseudomonas aeruginosa";"NUCLEIC-ACID";"CHEMBL4808221";"1";"Scientific Literature";"J Med Chem";"2021";"None";"Dose = 1.25 microM | TIME = 20.0 hr";"";"";"4.21"
"CHEMBL3425889";"";"None";"373.24";"0";"3.83";"2k";"C[n+]1c(/C=C/c2ccccc2)ccc2ccccc21.[I-]";"Inhibition";"'='";"18.77";"%";"";"";"";"UO_0000187";"";"";"";"";"0";"CHEMBL4810542";"Induction of c-di-GMP G-quadruplex formation in Pseudomonas aeruginosa PAO1 harboring wspF gene mutation assessed as inhibition of biofilm formation at 1.25 uM incubated for 20 hrs by crystal violet staining assay relative to control";"B";"BAO_0000225";"nucleic acid format";"Pseudomonas aeruginosa PAO1";"None";"None";"None";"None";"";"";"";"CHEMBL4845621";"c-di-GMP G-quadruplex";"Pseudomonas aeruginosa";"NUCLEIC-ACID";"CHEMBL4808221";"1";"Scientific Literature";"J Med Chem";"2021";"None";"Dose = 1.25 microM | TIME = 20.0 hr";"";"";"18.77"
"CHEMBL4855344";"";"None";"394.28";"0";"3.48";"5a";"C[n+]1c(/C=C/c2ccc(N)cc2)sc2ccccc21.[I-]";"Inhibition";"'='";"14.53";"%";"";"";"";"UO_0000187";"";"";"";"";"0";"CHEMBL4810542";"Induction of c-di-GMP G-quadruplex formation in Pseudomonas aeruginosa PAO1 harboring wspF gene mutation assessed as inhibition of biofilm formation at 1.25 uM incubated for 20 hrs by crystal violet staining assay relative to control";"B";"BAO_0000225";"nucleic acid format";"Pseudomonas aeruginosa PAO1";"None";"None";"None";"None";"";"";"";"CHEMBL4845621";"c-di-GMP G-quadruplex";"Pseudomonas aeruginosa";"NUCLEIC-ACID";"CHEMBL4808221";"1";"Scientific Literature";"J Med Chem";"2021";"None";"Dose = 1.25 microM | TIME = 20.0 hr";"";"";"14.53"
"CHEMBL4859393";"";"None";"375.21";"0";"2.62";"3b";"C[n+]1c(/C=C/c2cnccn2)ccc2ccccc21.[I-]";"Inhibition";"'='";"8.36";"%";"";"";"";"UO_0000187";"";"";"";"";"0";"CHEMBL4810542";"Induction of c-di-GMP G-quadruplex formation in Pseudomonas aeruginosa PAO1 harboring wspF gene mutation assessed as inhibition of biofilm formation at 1.25 uM incubated for 20 hrs by crystal violet staining assay relative to control";"B";"BAO_0000225";"nucleic acid format";"Pseudomonas aeruginosa PAO1";"None";"None";"None";"None";"";"";"";"CHEMBL4845621";"c-di-GMP G-quadruplex";"Pseudomonas aeruginosa";"NUCLEIC-ACID";"CHEMBL4808221";"1";"Scientific Literature";"J Med Chem";"2021";"None";"Dose = 1.25 microM | TIME = 20.0 hr";"";"";"8.36"
"CHEMBL4877228";"";"None";"425.29";"0";"3.61";"5h";"COc1cc(/C=C/c2sc3ccccc3[n+]2C)ccc1O.[I-]";"Inhibition";"'='";"62.18";"%";"";"";"";"UO_0000187";"";"";"";"";"0";"CHEMBL4810542";"Induction of c-di-GMP G-quadruplex formation in Pseudomonas aeruginosa PAO1 harboring wspF gene mutation assessed as inhibition of biofilm formation at 1.25 uM incubated for 20 hrs by crystal violet staining assay relative to control";"B";"BAO_0000225";"nucleic acid format";"Pseudomonas aeruginosa PAO1";"None";"None";"None";"None";"";"";"";"CHEMBL4845621";"c-di-GMP G-quadruplex";"Pseudomonas aeruginosa";"NUCLEIC-ACID";"CHEMBL4808221";"1";"Scientific Literature";"J Med Chem";"2021";"None";"Dose = 1.25 microM | TIME = 20.0 hr";"BINDING AGENT";"";"62.18"
"CHEMBL4856385";"";"None";"379.27";"0";"3.90";"5k";"C[n+]1c(/C=C/c2ccccc2)sc2ccccc21.[I-]";"Inhibition";"'='";"19.53";"%";"";"";"";"UO_0000187";"";"";"";"";"0";"CHEMBL4810542";"Induction of c-di-GMP G-quadruplex formation in Pseudomonas aeruginosa PAO1 harboring wspF gene mutation assessed as inhibition of biofilm formation at 1.25 uM incubated for 20 hrs by crystal violet staining assay relative to control";"B";"BAO_0000225";"nucleic acid format";"Pseudomonas aeruginosa PAO1";"None";"None";"None";"None";"";"";"";"CHEMBL4845621";"c-di-GMP G-quadruplex";"Pseudomonas aeruginosa";"NUCLEIC-ACID";"CHEMBL4808221";"1";"Scientific Literature";"J Med Chem";"2021";"None";"Dose = 1.25 microM | TIME = 20.0 hr";"";"";"19.53"
"CHEMBL1242180";"";"None";"416.31";"0";"3.90";"2b";"CN(C)c1ccc(/C=C/c2ccc3ccccc3[n+]2C)cc1.[I-]";"Inhibition";"'='";"-15.93";"%";"";"Outside typical range";"";"UO_0000187";"";"";"";"";"0";"CHEMBL4810542";"Induction of c-di-GMP G-quadruplex formation in Pseudomonas aeruginosa PAO1 harboring wspF gene mutation assessed as inhibition of biofilm formation at 1.25 uM incubated for 20 hrs by crystal violet staining assay relative to control";"B";"BAO_0000225";"nucleic acid format";"Pseudomonas aeruginosa PAO1";"None";"None";"None";"None";"";"";"";"CHEMBL4845621";"c-di-GMP G-quadruplex";"Pseudomonas aeruginosa";"NUCLEIC-ACID";"CHEMBL4808221";"1";"Scientific Literature";"J Med Chem";"2021";"None";"Dose = 1.25 microM | TIME = 20.0 hr";"";"";"-15.93"
"CHEMBL4873361";"";"None";"418.23";"0";"3.74";"2n";"C[n+]1c(/C=C/c2ccc([N+](=O)[O-])cc2)ccc2ccccc21.[I-]";"IC50";"'>'";"100000.0";"nM";"";"";"";"UO_0000065";"";"";"";"";"0";"CHEMBL4810549";"Induction of c-di-GMP G-quadruplex formation in Pseudomonas aeruginosa PAO1 harboring wspF gene mutation assessed as inhibition of biofilm formation incubated for 20 hrs by crystal violet staining assay relative to control";"B";"BAO_0000225";"nucleic acid format";"Pseudomonas aeruginosa PAO1";"None";"None";"None";"None";"";"";"";"CHEMBL4845621";"c-di-GMP G-quadruplex";"Pseudomonas aeruginosa";"NUCLEIC-ACID";"CHEMBL4808221";"1";"Scientific Literature";"J Med Chem";"2021";"None";"TIME = 20.0 hr";"";"";"100.0"
"CHEMBL4860201";"";"None";"380.25";"0";"3.29";"6c";"C[n+]1c(/C=C/c2ccncc2)sc2ccccc21.[I-]";"IC50";"'>'";"100000.0";"nM";"";"";"";"UO_0000065";"";"";"";"";"0";"CHEMBL4810549";"Induction of c-di-GMP G-quadruplex formation in Pseudomonas aeruginosa PAO1 harboring wspF gene mutation assessed as inhibition of biofilm formation incubated for 20 hrs by crystal violet staining assay relative to control";"B";"BAO_0000225";"nucleic acid format";"Pseudomonas aeruginosa PAO1";"None";"None";"None";"None";"";"";"";"CHEMBL4845621";"c-di-GMP G-quadruplex";"Pseudomonas aeruginosa";"NUCLEIC-ACID";"CHEMBL4808221";"1";"Scientific Literature";"J Med Chem";"2021";"None";"TIME = 20.0 hr";"";"";"100.0"
"CHEMBL4860288";"";"None";"409.29";"0";"3.90";"5g";"COc1ccc(/C=C/c2sc3ccccc3[n+]2C)cc1.[I-]";"Inhibition";"'='";"-4.78";"%";"";"";"";"UO_0000187";"";"";"";"";"0";"CHEMBL4810542";"Induction of c-di-GMP G-quadruplex formation in Pseudomonas aeruginosa PAO1 harboring wspF gene mutation assessed as inhibition of biofilm formation at 1.25 uM incubated for 20 hrs by crystal violet staining assay relative to control";"B";"BAO_0000225";"nucleic acid format";"Pseudomonas aeruginosa PAO1";"None";"None";"None";"None";"";"";"";"CHEMBL4845621";"c-di-GMP G-quadruplex";"Pseudomonas aeruginosa";"NUCLEIC-ACID";"CHEMBL4808221";"1";"Scientific Literature";"J Med Chem";"2021";"None";"Dose = 1.25 microM | TIME = 20.0 hr";"";"";"-4.78"
"CHEMBL4850637";"";"None";"389.24";"0";"3.54";"2f";"C[n+]1c(/C=C/c2cccc(O)c2)ccc2ccccc21.[I-]";"IC50";"'='";"6810.0";"nM";"5.17";"";"";"UO_0000065";"";"";"";"";"0";"CHEMBL4810549";"Induction of c-di-GMP G-quadruplex formation in Pseudomonas aeruginosa PAO1 harboring wspF gene mutation assessed as inhibition of biofilm formation incubated for 20 hrs by crystal violet staining assay relative to control";"B";"BAO_0000225";"nucleic acid format";"Pseudomonas aeruginosa PAO1";"None";"None";"None";"None";"";"";"";"CHEMBL4845621";"c-di-GMP G-quadruplex";"Pseudomonas aeruginosa";"NUCLEIC-ACID";"CHEMBL4808221";"1";"Scientific Literature";"J Med Chem";"2021";"None";"TIME = 20.0 hr";"BINDING AGENT";"";"6.81"
"CHEMBL4859687";"";"None";"477.42";"0";"3.65";"5c";"CN1CCN(c2ccc(/C=C/c3sc4ccccc4[n+]3C)cc2)CC1.[I-]";"IC50";"'>'";"100000.0";"nM";"";"";"";"UO_0000065";"";"";"";"";"0";"CHEMBL4810549";"Induction of c-di-GMP G-quadruplex formation in Pseudomonas aeruginosa PAO1 harboring wspF gene mutation assessed as inhibition of biofilm formation incubated for 20 hrs by crystal violet staining assay relative to control";"B";"BAO_0000225";"nucleic acid format";"Pseudomonas aeruginosa PAO1";"None";"None";"None";"None";"";"";"";"CHEMBL4845621";"c-di-GMP G-quadruplex";"Pseudomonas aeruginosa";"NUCLEIC-ACID";"CHEMBL4808221";"1";"Scientific Literature";"J Med Chem";"2021";"None";"TIME = 20.0 hr";"";"";"100.0"
"CHEMBL4847345";"";"None";"411.26";"0";"3.31";"5f";"C[n+]1c(/C=C/c2ccc(O)c(O)c2)sc2ccccc21.[I-]";"IC50";"'='";"11540.0";"nM";"4.94";"";"";"UO_0000065";"";"";"";"";"0";"CHEMBL4810549";"Induction of c-di-GMP G-quadruplex formation in Pseudomonas aeruginosa PAO1 harboring wspF gene mutation assessed as inhibition of biofilm formation incubated for 20 hrs by crystal violet staining assay relative to control";"B";"BAO_0000225";"nucleic acid format";"Pseudomonas aeruginosa PAO1";"None";"None";"None";"None";"";"";"";"CHEMBL4845621";"c-di-GMP G-quadruplex";"Pseudomonas aeruginosa";"NUCLEIC-ACID";"CHEMBL4808221";"1";"Scientific Literature";"J Med Chem";"2021";"None";"TIME = 20.0 hr";"BINDING AGENT";"";"11.54"
"CHEMBL4849523";"";"None";"381.24";"0";"2.69";"6b";"C[n+]1c(/C=C/c2cnccn2)sc2ccccc21.[I-]";"IC50";"'>'";"100000.0";"nM";"";"";"";"UO_0000065";"";"";"";"";"0";"CHEMBL4810549";"Induction of c-di-GMP G-quadruplex formation in Pseudomonas aeruginosa PAO1 harboring wspF gene mutation assessed as inhibition of biofilm formation incubated for 20 hrs by crystal violet staining assay relative to control";"B";"BAO_0000225";"nucleic acid format";"Pseudomonas aeruginosa PAO1";"None";"None";"None";"None";"";"";"";"CHEMBL4845621";"c-di-GMP G-quadruplex";"Pseudomonas aeruginosa";"NUCLEIC-ACID";"CHEMBL4808221";"1";"Scientific Literature";"J Med Chem";"2021";"None";"TIME = 20.0 hr";"";"";"100.0"
"CHEMBL4877228";"";"None";"425.29";"0";"3.61";"5h";"COc1cc(/C=C/c2sc3ccccc3[n+]2C)ccc1O.[I-]";"Activity";"";"";"";"";"";"";"";"";"";"";"";"0";"CHEMBL4810562";"Induction of c-di-GMP G-quadruplex formation in Pseudomonas aeruginosa PAO1 harboring wspF gene mutation assessed as suppression of cdrA expression at 1.25 uM incubated for 15 hrs by transcriptome analysis";"B";"BAO_0000019";"assay format";"Pseudomonas aeruginosa PAO1";"None";"None";"None";"None";"";"";"";"CHEMBL4845621";"c-di-GMP G-quadruplex";"Pseudomonas aeruginosa";"NUCLEIC-ACID";"CHEMBL4808221";"1";"Scientific Literature";"J Med Chem";"2021";"None";"Dose = 1.25 microM | TIME = 15.0 hr";"BINDING AGENT";"Active";""
"CHEMBL4854451";"";"None";"458.16";"0";"4.66";"5m";"C[n+]1c(/C=C/c2ccc(Br)cc2)sc2ccccc21.[I-]";"Inhibition";"'='";"-4.77";"%";"";"";"";"UO_0000187";"";"";"";"";"0";"CHEMBL4810542";"Induction of c-di-GMP G-quadruplex formation in Pseudomonas aeruginosa PAO1 harboring wspF gene mutation assessed as inhibition of biofilm formation at 1.25 uM incubated for 20 hrs by crystal violet staining assay relative to control";"B";"BAO_0000225";"nucleic acid format";"Pseudomonas aeruginosa PAO1";"None";"None";"None";"None";"";"";"";"CHEMBL4845621";"c-di-GMP G-quadruplex";"Pseudomonas aeruginosa";"NUCLEIC-ACID";"CHEMBL4808221";"1";"Scientific Literature";"J Med Chem";"2021";"None";"Dose = 1.25 microM | TIME = 20.0 hr";"";"";"-4.77"
"CHEMBL4860201";"";"None";"380.25";"0";"3.29";"6c";"C[n+]1c(/C=C/c2ccncc2)sc2ccccc21.[I-]";"Inhibition";"'='";"-16.71";"%";"";"Outside typical range";"";"UO_0000187";"";"";"";"";"0";"CHEMBL4810542";"Induction of c-di-GMP G-quadruplex formation in Pseudomonas aeruginosa PAO1 harboring wspF gene mutation assessed as inhibition of biofilm formation at 1.25 uM incubated for 20 hrs by crystal violet staining assay relative to control";"B";"BAO_0000225";"nucleic acid format";"Pseudomonas aeruginosa PAO1";"None";"None";"None";"None";"";"";"";"CHEMBL4845621";"c-di-GMP G-quadruplex";"Pseudomonas aeruginosa";"NUCLEIC-ACID";"CHEMBL4808221";"1";"Scientific Literature";"J Med Chem";"2021";"None";"Dose = 1.25 microM | TIME = 20.0 hr";"";"";"-16.71"
"CHEMBL4877228";"";"None";"425.29";"0";"3.61";"5h";"COc1cc(/C=C/c2sc3ccccc3[n+]2C)ccc1O.[I-]";"Activity";"";"";"";"";"";"";"";"";"";"";"";"0";"CHEMBL4810569";"Induction of c-di-GMP G-quadruplex formation in Pseudomonas aeruginosa PAO1 harboring wspF gene mutation assessed as induction of fleN expression at 1.25 uM incubated for 15 hrs by transcriptome analysis";"B";"BAO_0000019";"assay format";"Pseudomonas aeruginosa PAO1";"None";"None";"None";"None";"";"";"";"CHEMBL4845621";"c-di-GMP G-quadruplex";"Pseudomonas aeruginosa";"NUCLEIC-ACID";"CHEMBL4808221";"1";"Scientific Literature";"J Med Chem";"2021";"None";"Dose = 1.25 microM | TIME = 15.0 hr";"BINDING AGENT";"Active";""
"CHEMBL4859655";"";"None";"419.26";"0";"3.55";"2h";"COc1cc(/C=C/c2ccc3ccccc3[n+]2C)ccc1O.[I-]";"Inhibition";"'='";"21.04";"%";"";"";"";"UO_0000187";"";"";"";"";"0";"CHEMBL4810542";"Induction of c-di-GMP G-quadruplex formation in Pseudomonas aeruginosa PAO1 harboring wspF gene mutation assessed as inhibition of biofilm formation at 1.25 uM incubated for 20 hrs by crystal violet staining assay relative to control";"B";"BAO_0000225";"nucleic acid format";"Pseudomonas aeruginosa PAO1";"None";"None";"None";"None";"";"";"";"CHEMBL4845621";"c-di-GMP G-quadruplex";"Pseudomonas aeruginosa";"NUCLEIC-ACID";"CHEMBL4808221";"1";"Scientific Literature";"J Med Chem";"2021";"None";"Dose = 1.25 microM | TIME = 20.0 hr";"";"";"21.04"
"CHEMBL4873361";"";"None";"418.23";"0";"3.74";"2n";"C[n+]1c(/C=C/c2ccc([N+](=O)[O-])cc2)ccc2ccccc21.[I-]";"Inhibition";"'='";"-17.27";"%";"";"Outside typical range";"";"UO_0000187";"";"";"";"";"0";"CHEMBL4810542";"Induction of c-di-GMP G-quadruplex formation in Pseudomonas aeruginosa PAO1 harboring wspF gene mutation assessed as inhibition of biofilm formation at 1.25 uM incubated for 20 hrs by crystal violet staining assay relative to control";"B";"BAO_0000225";"nucleic acid format";"Pseudomonas aeruginosa PAO1";"None";"None";"None";"None";"";"";"";"CHEMBL4845621";"c-di-GMP G-quadruplex";"Pseudomonas aeruginosa";"NUCLEIC-ACID";"CHEMBL4808221";"1";"Scientific Literature";"J Med Chem";"2021";"None";"Dose = 1.25 microM | TIME = 20.0 hr";"";"";"-17.27"
"CHEMBL4853842";"";"None";"395.27";"0";"3.60";"5e";"C[n+]1c(/C=C/c2ccc(O)cc2)sc2ccccc21.[I-]";"Inhibition";"'='";"10.53";"%";"";"";"";"UO_0000187";"";"";"";"";"0";"CHEMBL4810542";"Induction of c-di-GMP G-quadruplex formation in Pseudomonas aeruginosa PAO1 harboring wspF gene mutation assessed as inhibition of biofilm formation at 1.25 uM incubated for 20 hrs by crystal violet staining assay relative to control";"B";"BAO_0000225";"nucleic acid format";"Pseudomonas aeruginosa PAO1";"None";"None";"None";"None";"";"";"";"CHEMBL4845621";"c-di-GMP G-quadruplex";"Pseudomonas aeruginosa";"NUCLEIC-ACID";"CHEMBL4808221";"1";"Scientific Literature";"J Med Chem";"2021";"None";"Dose = 1.25 microM | TIME = 20.0 hr";"";"";"10.53"
"CHEMBL4856890";"";"None";"368.24";"0";"3.22";"6a";"C[n+]1c(/C=C/c2cc[nH]c2)sc2ccccc21.[I-]";"Inhibition";"'='";"17.68";"%";"";"";"";"UO_0000187";"";"";"";"";"0";"CHEMBL4810542";"Induction of c-di-GMP G-quadruplex formation in Pseudomonas aeruginosa PAO1 harboring wspF gene mutation assessed as inhibition of biofilm formation at 1.25 uM incubated for 20 hrs by crystal violet staining assay relative to control";"B";"BAO_0000225";"nucleic acid format";"Pseudomonas aeruginosa PAO1";"None";"None";"None";"None";"";"";"";"CHEMBL4845621";"c-di-GMP G-quadruplex";"Pseudomonas aeruginosa";"NUCLEIC-ACID";"CHEMBL4808221";"1";"Scientific Literature";"J Med Chem";"2021";"None";"Dose = 1.25 microM | TIME = 20.0 hr";"";"";"17.68"
"CHEMBL597863";"";"None";"391.23";"0";"3.97";"2l";"C[n+]1c(/C=C/c2ccc(F)cc2)ccc2ccccc21.[I-]";"Inhibition";"'='";"21.34";"%";"";"";"";"UO_0000187";"";"";"";"";"0";"CHEMBL4810542";"Induction of c-di-GMP G-quadruplex formation in Pseudomonas aeruginosa PAO1 harboring wspF gene mutation assessed as inhibition of biofilm formation at 1.25 uM incubated for 20 hrs by crystal violet staining assay relative to control";"B";"BAO_0000225";"nucleic acid format";"Pseudomonas aeruginosa PAO1";"None";"None";"None";"None";"";"";"";"CHEMBL4845621";"c-di-GMP G-quadruplex";"Pseudomonas aeruginosa";"NUCLEIC-ACID";"CHEMBL4808221";"1";"Scientific Literature";"J Med Chem";"2021";"None";"Dose = 1.25 microM | TIME = 20.0 hr";"";"";"21.34"
"CHEMBL4845713";"";"None";"464.37";"0";"3.73";"5d";"C[n+]1c(/C=C/c2ccc(N3CCOCC3)cc2)sc2ccccc21.[I-]";"Inhibition";"'='";"2.71";"%";"";"";"";"UO_0000187";"";"";"";"";"0";"CHEMBL4810542";"Induction of c-di-GMP G-quadruplex formation in Pseudomonas aeruginosa PAO1 harboring wspF gene mutation assessed as inhibition of biofilm formation at 1.25 uM incubated for 20 hrs by crystal violet staining assay relative to control";"B";"BAO_0000225";"nucleic acid format";"Pseudomonas aeruginosa PAO1";"None";"None";"None";"None";"";"";"";"CHEMBL4845621";"c-di-GMP G-quadruplex";"Pseudomonas aeruginosa";"NUCLEIC-ACID";"CHEMBL4808221";"1";"Scientific Literature";"J Med Chem";"2021";"None";"Dose = 1.25 microM | TIME = 20.0 hr";"";"";"2.71"
"CHEMBL4849922";"";"None";"362.21";"0";"3.16";"3a";"C[n+]1c(/C=C/c2cc[nH]c2)ccc2ccccc21.[I-]";"Inhibition";"'='";"22.18";"%";"";"";"";"UO_0000187";"";"";"";"";"0";"CHEMBL4810542";"Induction of c-di-GMP G-quadruplex formation in Pseudomonas aeruginosa PAO1 harboring wspF gene mutation assessed as inhibition of biofilm formation at 1.25 uM incubated for 20 hrs by crystal violet staining assay relative to control";"B";"BAO_0000225";"nucleic acid format";"Pseudomonas aeruginosa PAO1";"None";"None";"None";"None";"";"";"";"CHEMBL4845621";"c-di-GMP G-quadruplex";"Pseudomonas aeruginosa";"NUCLEIC-ACID";"CHEMBL4808221";"1";"Scientific Literature";"J Med Chem";"2021";"None";"Dose = 1.25 microM | TIME = 20.0 hr";"";"";"22.18"
"CHEMBL4864140";"";"None";"388.25";"0";"3.42";"2a";"C[n+]1c(/C=C/c2ccc(N)cc2)ccc2ccccc21.[I-]";"IC50";"'>'";"100000.0";"nM";"";"";"";"UO_0000065";"";"";"";"";"0";"CHEMBL4810549";"Induction of c-di-GMP G-quadruplex formation in Pseudomonas aeruginosa PAO1 harboring wspF gene mutation assessed as inhibition of biofilm formation incubated for 20 hrs by crystal violet staining assay relative to control";"B";"BAO_0000225";"nucleic acid format";"Pseudomonas aeruginosa PAO1";"None";"None";"None";"None";"";"";"";"CHEMBL4845621";"c-di-GMP G-quadruplex";"Pseudomonas aeruginosa";"NUCLEIC-ACID";"CHEMBL4808221";"1";"Scientific Literature";"J Med Chem";"2021";"None";"TIME = 20.0 hr";"";"";"100.0"
"CHEMBL4875829";"";"None";"403.26";"0";"3.84";"2g";"COc1ccc(/C=C/c2ccc3ccccc3[n+]2C)cc1.[I-]";"IC50";"'>'";"100000.0";"nM";"";"";"";"UO_0000065";"";"";"";"";"0";"CHEMBL4810549";"Induction of c-di-GMP G-quadruplex formation in Pseudomonas aeruginosa PAO1 harboring wspF gene mutation assessed as inhibition of biofilm formation incubated for 20 hrs by crystal violet staining assay relative to control";"B";"BAO_0000225";"nucleic acid format";"Pseudomonas aeruginosa PAO1";"None";"None";"None";"None";"";"";"";"CHEMBL4845621";"c-di-GMP G-quadruplex";"Pseudomonas aeruginosa";"NUCLEIC-ACID";"CHEMBL4808221";"1";"Scientific Literature";"J Med Chem";"2021";"None";"TIME = 20.0 hr";"";"";"100.0"
"CHEMBL4858333";"";"None";"553.06";"1";"5.13";"5j";"C[n+]1c(/C=C/c2cc(Br)c(O)c(Br)c2)sc2ccccc21.[I-]";"IC50";"'>'";"100000.0";"nM";"";"";"";"UO_0000065";"";"";"";"";"0";"CHEMBL4810549";"Induction of c-di-GMP G-quadruplex formation in Pseudomonas aeruginosa PAO1 harboring wspF gene mutation assessed as inhibition of biofilm formation incubated for 20 hrs by crystal violet staining assay relative to control";"B";"BAO_0000225";"nucleic acid format";"Pseudomonas aeruginosa PAO1";"None";"None";"None";"None";"";"";"";"CHEMBL4845621";"c-di-GMP G-quadruplex";"Pseudomonas aeruginosa";"NUCLEIC-ACID";"CHEMBL4808221";"1";"Scientific Literature";"J Med Chem";"2021";"None";"TIME = 20.0 hr";"";"";"100.0"
"CHEMBL4856890";"";"None";"368.24";"0";"3.22";"6a";"C[n+]1c(/C=C/c2cc[nH]c2)sc2ccccc21.[I-]";"IC50";"'='";"7840.0";"nM";"5.11";"";"";"UO_0000065";"";"";"";"";"0";"CHEMBL4810549";"Induction of c-di-GMP G-quadruplex formation in Pseudomonas aeruginosa PAO1 harboring wspF gene mutation assessed as inhibition of biofilm formation incubated for 20 hrs by crystal violet staining assay relative to control";"B";"BAO_0000225";"nucleic acid format";"Pseudomonas aeruginosa PAO1";"None";"None";"None";"None";"";"";"";"CHEMBL4845621";"c-di-GMP G-quadruplex";"Pseudomonas aeruginosa";"NUCLEIC-ACID";"CHEMBL4808221";"1";"Scientific Literature";"J Med Chem";"2021";"None";"TIME = 20.0 hr";"BINDING AGENT";"";"7.84"
"CHEMBL4877228";"";"None";"425.29";"0";"3.61";"5h";"COc1cc(/C=C/c2sc3ccccc3[n+]2C)ccc1O.[I-]";"Activity";"";"";"";"";"";"";"";"";"";"";"";"0";"CHEMBL4810559";"Induction of c-di-GMP G-quadruplex formation in Pseudomonas aeruginosa PAO1 harboring wspF gene mutation and LacZ reporter gene assessed as reduction in PelA expression by measuring decrease in lacZ activity at 0.3125 to 1.25 uM incubated for 4 hrs by absorbance method";"B";"BAO_0000019";"assay format";"Pseudomonas aeruginosa PAO1";"None";"None";"None";"None";"";"";"";"CHEMBL4845621";"c-di-GMP G-quadruplex";"Pseudomonas aeruginosa";"NUCLEIC-ACID";"CHEMBL4808221";"1";"Scientific Literature";"J Med Chem";"2021";"None";"Dose_Lower = 0.3125 microM | Dose_Upper = 1.25 microM | TIME = 4.0 hr";"BINDING AGENT";"Active";""
"CHEMBL4877228";"";"None";"425.29";"0";"3.61";"5h";"COc1cc(/C=C/c2sc3ccccc3[n+]2C)ccc1O.[I-]";"Activity";"";"";"";"";"";"";"";"";"";"";"";"0";"CHEMBL4810566";"Induction of c-di-GMP G-quadruplex formation in Pseudomonas aeruginosa PAO1 harboring wspF gene mutation assessed as induction of flhF expression at 1.25 uM incubated for 15 hrs by transcriptome analysis";"B";"BAO_0000019";"assay format";"Pseudomonas aeruginosa PAO1";"None";"None";"None";"None";"";"";"";"CHEMBL4845621";"c-di-GMP G-quadruplex";"Pseudomonas aeruginosa";"NUCLEIC-ACID";"CHEMBL4808221";"1";"Scientific Literature";"J Med Chem";"2021";"None";"Dose = 1.25 microM | TIME = 15.0 hr";"BINDING AGENT";"Active";""
"CHEMBL4877228";"";"None";"425.29";"0";"3.61";"5h";"COc1cc(/C=C/c2sc3ccccc3[n+]2C)ccc1O.[I-]";"Activity";"";"";"";"";"";"";"";"";"";"";"";"0";"CHEMBL4810572";"Induction of c-di-GMP G-quadruplex formation in Pseudomonas aeruginosa PAO1 harboring wspF gene mutation assessed as reduction in cdrA expression at 1.25 uM by RT-PCR method";"B";"BAO_0000019";"assay format";"Pseudomonas aeruginosa PAO1";"None";"None";"None";"None";"";"";"";"CHEMBL4845621";"c-di-GMP G-quadruplex";"Pseudomonas aeruginosa";"NUCLEIC-ACID";"CHEMBL4808221";"1";"Scientific Literature";"J Med Chem";"2021";"None";"Dose = 1.25 microM";"BINDING AGENT";"Active";""
"CHEMBL1242180";"";"None";"416.31";"0";"3.90";"2b";"CN(C)c1ccc(/C=C/c2ccc3ccccc3[n+]2C)cc1.[I-]";"IC50";"'>'";"100000.0";"nM";"";"";"";"UO_0000065";"";"";"";"";"0";"CHEMBL4810549";"Induction of c-di-GMP G-quadruplex formation in Pseudomonas aeruginosa PAO1 harboring wspF gene mutation assessed as inhibition of biofilm formation incubated for 20 hrs by crystal violet staining assay relative to control";"B";"BAO_0000225";"nucleic acid format";"Pseudomonas aeruginosa PAO1";"None";"None";"None";"None";"";"";"";"CHEMBL4845621";"c-di-GMP G-quadruplex";"Pseudomonas aeruginosa";"NUCLEIC-ACID";"CHEMBL4808221";"1";"Scientific Literature";"J Med Chem";"2021";"None";"TIME = 20.0 hr";"";"";"100.0"
"CHEMBL1303143";"";"None";"389.24";"0";"3.54";"2e";"C[n+]1c(/C=C/c2ccc(O)cc2)ccc2ccccc21.[I-]";"IC50";"'>'";"100000.0";"nM";"";"";"";"UO_0000065";"";"";"";"";"0";"CHEMBL4810549";"Induction of c-di-GMP G-quadruplex formation in Pseudomonas aeruginosa PAO1 harboring wspF gene mutation assessed as inhibition of biofilm formation incubated for 20 hrs by crystal violet staining assay relative to control";"B";"BAO_0000225";"nucleic acid format";"Pseudomonas aeruginosa PAO1";"None";"None";"None";"None";"";"";"";"CHEMBL4845621";"c-di-GMP G-quadruplex";"Pseudomonas aeruginosa";"NUCLEIC-ACID";"CHEMBL4808221";"1";"Scientific Literature";"J Med Chem";"2021";"None";"TIME = 20.0 hr";"";"";"100.0"
"CHEMBL1990403";"";"None";"422.33";"0";"3.96";"5b";"CN(C)c1ccc(/C=C/c2sc3ccccc3[n+]2C)cc1.[I-]";"IC50";"'>'";"100000.0";"nM";"";"";"";"UO_0000065";"";"";"";"";"0";"CHEMBL4810549";"Induction of c-di-GMP G-quadruplex formation in Pseudomonas aeruginosa PAO1 harboring wspF gene mutation assessed as inhibition of biofilm formation incubated for 20 hrs by crystal violet staining assay relative to control";"B";"BAO_0000225";"nucleic acid format";"Pseudomonas aeruginosa PAO1";"None";"None";"None";"None";"";"";"";"CHEMBL4845621";"c-di-GMP G-quadruplex";"Pseudomonas aeruginosa";"NUCLEIC-ACID";"CHEMBL4808221";"1";"Scientific Literature";"J Med Chem";"2021";"None";"TIME = 20.0 hr";"";"";"100.0"
"CHEMBL4854451";"";"None";"458.16";"0";"4.66";"5m";"C[n+]1c(/C=C/c2ccc(Br)cc2)sc2ccccc21.[I-]";"IC50";"'>'";"100000.0";"nM";"";"";"";"UO_0000065";"";"";"";"";"0";"CHEMBL4810549";"Induction of c-di-GMP G-quadruplex formation in Pseudomonas aeruginosa PAO1 harboring wspF gene mutation assessed as inhibition of biofilm formation incubated for 20 hrs by crystal violet staining assay relative to control";"B";"BAO_0000225";"nucleic acid format";"Pseudomonas aeruginosa PAO1";"None";"None";"None";"None";"";"";"";"CHEMBL4845621";"c-di-GMP G-quadruplex";"Pseudomonas aeruginosa";"NUCLEIC-ACID";"CHEMBL4808221";"1";"Scientific Literature";"J Med Chem";"2021";"None";"TIME = 20.0 hr";"";"";"100.0"
"CHEMBL4865901";"";"None";"547.03";"1";"5.07";"2j";"C[n+]1c(/C=C/c2cc(Br)c(O)c(Br)c2)ccc2ccccc21.[I-]";"Inhibition";"'='";"-12.72";"%";"";"Outside typical range";"";"UO_0000187";"";"";"";"";"0";"CHEMBL4810549";"Induction of c-di-GMP G-quadruplex formation in Pseudomonas aeruginosa PAO1 harboring wspF gene mutation assessed as inhibition of biofilm formation incubated for 20 hrs by crystal violet staining assay relative to control";"B";"BAO_0000225";"nucleic acid format";"Pseudomonas aeruginosa PAO1";"None";"None";"None";"None";"";"";"";"CHEMBL4845621";"c-di-GMP G-quadruplex";"Pseudomonas aeruginosa";"NUCLEIC-ACID";"CHEMBL4808221";"1";"Scientific Literature";"J Med Chem";"2021";"None";"TIME = 20.0 hr";"";"";"-12.72"
"CHEMBL4877228";"";"None";"425.29";"0";"3.61";"5h";"COc1cc(/C=C/c2sc3ccccc3[n+]2C)ccc1O.[I-]";"Activity";"";"";"";"";"";"";"";"";"";"";"";"0";"CHEMBL4810565";"Induction of c-di-GMP G-quadruplex formation in Pseudomonas aeruginosa PAO1 harboring wspF gene mutation assessed as induction of flhA expression at 1.25 uM incubated for 15 hrs by transcriptome analysis";"B";"BAO_0000019";"assay format";"Pseudomonas aeruginosa PAO1";"None";"None";"None";"None";"";"";"";"CHEMBL4845621";"c-di-GMP G-quadruplex";"Pseudomonas aeruginosa";"NUCLEIC-ACID";"CHEMBL4808221";"1";"Scientific Literature";"J Med Chem";"2021";"None";"Dose = 1.25 microM | TIME = 15.0 hr";"BINDING AGENT";"Active";""
"CHEMBL4877228";"";"None";"425.29";"0";"3.61";"5h";"COc1cc(/C=C/c2sc3ccccc3[n+]2C)ccc1O.[I-]";"Activity";"";"";"";"";"";"";"";"";"";"";"";"0";"CHEMBL4810567";"Induction of c-di-GMP G-quadruplex formation in Pseudomonas aeruginosa PAO1 harboring wspF gene mutation assessed as induction of fliD expression at 1.25 uM incubated for 15 hrs by transcriptome analysis";"B";"BAO_0000019";"assay format";"Pseudomonas aeruginosa PAO1";"None";"None";"None";"None";"";"";"";"CHEMBL4845621";"c-di-GMP G-quadruplex";"Pseudomonas aeruginosa";"NUCLEIC-ACID";"CHEMBL4808221";"1";"Scientific Literature";"J Med Chem";"2021";"None";"Dose = 1.25 microM | TIME = 15.0 hr";"BINDING AGENT";"Active";""
"CHEMBL4864140";"";"None";"388.25";"0";"3.42";"2a";"C[n+]1c(/C=C/c2ccc(N)cc2)ccc2ccccc21.[I-]";"Inhibition";"'='";"2.11";"%";"";"";"";"UO_0000187";"";"";"";"";"0";"CHEMBL4810542";"Induction of c-di-GMP G-quadruplex formation in Pseudomonas aeruginosa PAO1 harboring wspF gene mutation assessed as inhibition of biofilm formation at 1.25 uM incubated for 20 hrs by crystal violet staining assay relative to control";"B";"BAO_0000225";"nucleic acid format";"Pseudomonas aeruginosa PAO1";"None";"None";"None";"None";"";"";"";"CHEMBL4845621";"c-di-GMP G-quadruplex";"Pseudomonas aeruginosa";"NUCLEIC-ACID";"CHEMBL4808221";"1";"Scientific Literature";"J Med Chem";"2021";"None";"Dose = 1.25 microM | TIME = 20.0 hr";"";"";"2.11"
"CHEMBL1990403";"";"None";"422.33";"0";"3.96";"5b";"CN(C)c1ccc(/C=C/c2sc3ccccc3[n+]2C)cc1.[I-]";"Inhibition";"'='";"-2.67";"%";"";"";"";"UO_0000187";"";"";"";"";"0";"CHEMBL4810542";"Induction of c-di-GMP G-quadruplex formation in Pseudomonas aeruginosa PAO1 harboring wspF gene mutation assessed as inhibition of biofilm formation at 1.25 uM incubated for 20 hrs by crystal violet staining assay relative to control";"B";"BAO_0000225";"nucleic acid format";"Pseudomonas aeruginosa PAO1";"None";"None";"None";"None";"";"";"";"CHEMBL4845621";"c-di-GMP G-quadruplex";"Pseudomonas aeruginosa";"NUCLEIC-ACID";"CHEMBL4808221";"1";"Scientific Literature";"J Med Chem";"2021";"None";"Dose = 1.25 microM | TIME = 20.0 hr";"";"";"-2.67"
"CHEMBL4854770";"";"None";"413.26";"0";"3.74";"5i";"C[n+]1c(/C=C/c2ccc(O)c(F)c2)sc2ccccc21.[I-]";"Inhibition";"'='";"-7.67";"%";"";"";"";"UO_0000187";"";"";"";"";"0";"CHEMBL4810542";"Induction of c-di-GMP G-quadruplex formation in Pseudomonas aeruginosa PAO1 harboring wspF gene mutation assessed as inhibition of biofilm formation at 1.25 uM incubated for 20 hrs by crystal violet staining assay relative to control";"B";"BAO_0000225";"nucleic acid format";"Pseudomonas aeruginosa PAO1";"None";"None";"None";"None";"";"";"";"CHEMBL4845621";"c-di-GMP G-quadruplex";"Pseudomonas aeruginosa";"NUCLEIC-ACID";"CHEMBL4808221";"1";"Scientific Literature";"J Med Chem";"2021";"None";"Dose = 1.25 microM | TIME = 20.0 hr";"";"";"-7.67"
"CHEMBL4852925";"";"None";"397.26";"0";"4.04";"5l";"C[n+]1c(/C=C/c2ccc(F)cc2)sc2ccccc21.[I-]";"Inhibition";"'='";"7.72";"%";"";"";"";"UO_0000187";"";"";"";"";"0";"CHEMBL4810542";"Induction of c-di-GMP G-quadruplex formation in Pseudomonas aeruginosa PAO1 harboring wspF gene mutation assessed as inhibition of biofilm formation at 1.25 uM incubated for 20 hrs by crystal violet staining assay relative to control";"B";"BAO_0000225";"nucleic acid format";"Pseudomonas aeruginosa PAO1";"None";"None";"None";"None";"";"";"";"CHEMBL4845621";"c-di-GMP G-quadruplex";"Pseudomonas aeruginosa";"NUCLEIC-ACID";"CHEMBL4808221";"1";"Scientific Literature";"J Med Chem";"2021";"None";"Dose = 1.25 microM | TIME = 20.0 hr";"";"";"7.72"
"CHEMBL4849922";"";"None";"362.21";"0";"3.16";"3a";"C[n+]1c(/C=C/c2cc[nH]c2)ccc2ccccc21.[I-]";"IC50";"'='";"9610.0";"nM";"5.02";"";"";"UO_0000065";"";"";"";"";"0";"CHEMBL4810549";"Induction of c-di-GMP G-quadruplex formation in Pseudomonas aeruginosa PAO1 harboring wspF gene mutation assessed as inhibition of biofilm formation incubated for 20 hrs by crystal violet staining assay relative to control";"B";"BAO_0000225";"nucleic acid format";"Pseudomonas aeruginosa PAO1";"None";"None";"None";"None";"";"";"";"CHEMBL4845621";"c-di-GMP G-quadruplex";"Pseudomonas aeruginosa";"NUCLEIC-ACID";"CHEMBL4808221";"1";"Scientific Literature";"J Med Chem";"2021";"None";"TIME = 20.0 hr";"BINDING AGENT";"";"9.61"
"CHEMBL4877228";"";"None";"425.29";"0";"3.61";"5h";"COc1cc(/C=C/c2sc3ccccc3[n+]2C)ccc1O.[I-]";"IC50";"'='";"880.0";"nM";"6.06";"";"";"UO_0000065";"";"";"";"";"0";"CHEMBL4810549";"Induction of c-di-GMP G-quadruplex formation in Pseudomonas aeruginosa PAO1 harboring wspF gene mutation assessed as inhibition of biofilm formation incubated for 20 hrs by crystal violet staining assay relative to control";"B";"BAO_0000225";"nucleic acid format";"Pseudomonas aeruginosa PAO1";"None";"None";"None";"None";"";"";"";"CHEMBL4845621";"c-di-GMP G-quadruplex";"Pseudomonas aeruginosa";"NUCLEIC-ACID";"CHEMBL4808221";"1";"Scientific Literature";"J Med Chem";"2021";"None";"TIME = 20.0 hr";"BINDING AGENT";"";"0.88"
"CHEMBL4877228";"";"None";"425.29";"0";"3.61";"5h";"COc1cc(/C=C/c2sc3ccccc3[n+]2C)ccc1O.[I-]";"Activity";"";"";"";"";"";"";"";"";"";"";"";"0";"CHEMBL4810564";"Downregulation of c-di-GMP level in Pseudomonas aeruginosa PAO1 harboring wspF gene mutation assessed as induction of tpbA expression at 1.25 uM incubated for 15 hrs by transcriptome analysis";"B";"BAO_0000019";"assay format";"Pseudomonas aeruginosa PAO1";"None";"None";"None";"None";"";"";"";"CHEMBL4845621";"c-di-GMP G-quadruplex";"Pseudomonas aeruginosa";"NUCLEIC-ACID";"CHEMBL4808221";"1";"Scientific Literature";"J Med Chem";"2021";"None";"Dose = 1.25 microM | TIME = 15.0 hr";"BINDING AGENT";"Active";""
"CHEMBL4877228";"";"None";"425.29";"0";"3.61";"5h";"COc1cc(/C=C/c2sc3ccccc3[n+]2C)ccc1O.[I-]";"Activity";"";"";"";"";"";"";"";"";"";"";"";"0";"CHEMBL4810568";"Induction of c-di-GMP G-quadruplex formation in Pseudomonas aeruginosa PAO1 harboring wspF gene mutation assessed as induction of flgA expression at 1.25 uM incubated for 15 hrs by transcriptome analysis";"B";"BAO_0000019";"assay format";"Pseudomonas aeruginosa PAO1";"None";"None";"None";"None";"";"";"";"CHEMBL4845621";"c-di-GMP G-quadruplex";"Pseudomonas aeruginosa";"NUCLEIC-ACID";"CHEMBL4808221";"1";"Scientific Literature";"J Med Chem";"2021";"None";"Dose = 1.25 microM | TIME = 15.0 hr";"BINDING AGENT";"Active";""
